{"batch_size": 32, "cliprangenow": 0.2, "end": 128, "ep_infos": [{"r": -8.515267, "l": 60, "t": 134.900457}, {"r": -4.277501, "l": 46, "t": 222.46865}], "epoch_num": 3, "explained_var": -0.002996087074279785, "fps": 0, "frac": 1.0, "log_interval": 1, "loss_name": "clipfrac", "lr_now": 0.00025, "new_tb_log": true, "nupdates": 8593, "reset_num_timesteps": true, "seed": 0, "start": 96, "states": null, "t_first_start": 1553701123.2274055, "t_now": 1553701365.702395, "t_start": 1553701123.2274137, "tb_log_name": "PPO2", "timestep": 31, "total_timesteps": 1100000, "update": 1, "update_fac": 9, "writer": null}