#{"t_start": 1552154587.780598, "env_id": "Baxter-v0"}
r,l,t
-4.681993,17,77.624995
-5.128344,15,135.440354
-4.760391,16,194.624318
-8.791561,25,273.758569
-5.749575,15,333.073263
-6.024539,33,447.070226
-7.413655,32,554.625972
-2.261121,9,596.036062
-6.503673,21,671.934239
