{"gt_corr": [0.7741346505705556, 0.8046646294768067, 0.5160674213174813, 0.9999999999999999, 1.0, 1.0], "gt_corr_mean": 0.8491444502274739}