{"batch_size": 32, "cliprangenow": 0.2, "end": 128, "ep_infos": [{"r": -11.001601, "l": 70, "t": 223.038822}, {"r": -3.794374, "l": 36, "t": 299.285165}, {"r": -2.084464, "l": 19, "t": 339.992929}], "epoch_num": 3, "explained_var": -0.08920073509216309, "fps": 0, "frac": 1.0, "log_interval": 1, "loss_name": "clipfrac", "lr_now": 0.00025, "new_tb_log": true, "nupdates": 8593, "reset_num_timesteps": true, "seed": 0, "start": 96, "states": null, "t_first_start": 1553871247.4668388, "t_now": 1553871507.8287048, "t_start": 1553871247.466879, "tb_log_name": "PPO2", "timestep": 31, "total_timesteps": 1100000, "update": 1, "update_fac": 9, "writer": null}