{"batch_size": 32, "cliprangenow": 0.2, "end": 128, "ep_infos": [{"r": -4.768501, "l": 39, "t": 92.885341}, {"r": -6.602721, "l": 47, "t": 183.919236}], "epoch_num": 3, "explained_var": -0.5425981283187866, "fps": 0, "frac": 1.0, "log_interval": 1, "loss_name": "clipfrac", "lr_now": 0.00025, "new_tb_log": true, "nupdates": 8593, "reset_num_timesteps": true, "seed": 0, "start": 96, "states": null, "t_first_start": 1551888243.7212903, "t_now": 1551888483.647709, "t_start": 1551888243.7212987, "tb_log_name": "PPO2", "timestep": 31, "total_timesteps": 1100000, "update": 1, "update_fac": 9, "writer": null}