{"batch_size": 32, "cliprangenow": 0.2, "end": 128, "ep_infos": [{"r": -7.379602, "l": 16, "t": 156.323213}, {"r": -53.453858, "l": 101, "t": 342.30657}], "epoch_num": 3, "explained_var": -0.03877425193786621, "fps": 0, "frac": 1.0, "log_interval": 1, "loss_name": "clipfrac", "lr_now": 0.00025, "new_tb_log": true, "nupdates": 8593, "reset_num_timesteps": true, "seed": 0, "start": 96, "states": null, "t_first_start": 1552510038.8114634, "t_now": 1552510324.5976272, "t_start": 1552510038.811472, "tb_log_name": "PPO2", "timestep": 31, "total_timesteps": 1100000, "update": 1, "update_fac": 9, "writer": null}