#{"t_start": 1553567238.304345, "env_id": "Baxter-v0"}
r,l,t
-5.132403,17,146.621891
