{"gt_corr": [0.41044058984297754, 0.3718288167838853, 0.39041229609990635, 0.9999999999999999, 1.0, 1.0], "gt_corr_mean": 0.6954469504544615}