{"batch_size": 32, "cliprangenow": 0.2, "end": 128, "ep_infos": [{"r": -30.171144, "l": 101, "t": 108.504591}, {"r": -2.296628, "l": 18, "t": 170.828451}], "epoch_num": 3, "explained_var": -0.07333159446716309, "fps": 0, "frac": 1.0, "log_interval": 1, "loss_name": "clipfrac", "lr_now": 0.00025, "new_tb_log": true, "nupdates": 8593, "reset_num_timesteps": true, "seed": 0, "start": 96, "states": null, "t_first_start": 1552352050.7362823, "t_now": 1552352232.1857667, "t_start": 1552352050.7362914, "tb_log_name": "PPO2", "timestep": 31, "total_timesteps": 1100000, "update": 1, "update_fac": 9, "writer": null}