{"batch_size": 32, "cliprangenow": 0.2, "end": 128, "ep_infos": [{"r": -9.19971, "l": 61, "t": 131.700845}, {"r": -7.850864, "l": 58, "t": 237.673167}], "epoch_num": 3, "explained_var": -0.19529950618743896, "fps": 0, "frac": 1.0, "log_interval": 1, "loss_name": "clipfrac", "lr_now": 0.00025, "new_tb_log": true, "nupdates": 8593, "reset_num_timesteps": true, "seed": 0, "start": 96, "states": null, "t_first_start": 1551883358.5581656, "t_now": 1551883594.6142917, "t_start": 1551883358.5581758, "tb_log_name": "PPO2", "timestep": 31, "total_timesteps": 1100000, "update": 1, "update_fac": 9, "writer": null}