{"gt_corr": [0.13094649178979892, 0.19023306691764608, 0.5272711395655247, 0.9999999999999999, 1.0, 1.0], "gt_corr_mean": 0.6414084497121616}