{"batch_size": 32, "cliprangenow": 0.2, "end": 128, "ep_infos": [{"r": -5.842812, "l": 43, "t": 102.848403}, {"r": -6.04807, "l": 43, "t": 188.866686}], "epoch_num": 3, "explained_var": -1.3530375957489014, "fps": 0, "frac": 1.0, "log_interval": 1, "loss_name": "clipfrac", "lr_now": 0.00025, "new_tb_log": true, "nupdates": 8593, "reset_num_timesteps": true, "seed": 0, "start": 96, "states": null, "t_first_start": 1551882822.666683, "t_now": 1551883068.7593787, "t_start": 1551882822.6666942, "tb_log_name": "PPO2", "timestep": 31, "total_timesteps": 1100000, "update": 1, "update_fac": 9, "writer": null}