#{"t_start": 1553699766.076893, "env_id": "Baxter-v0"}
r,l,t
-5.050892,54,134.015593
-11.300374,89,295.637036
-8.835964,66,416.190143
-7.16335,54,522.483065
-11.232666,86,686.436689
-5.598227,48,778.344685
-11.294534,63,898.999915
-9.275385,77,1058.01536
-13.170711,85,1215.036695
