{"gt_corr": [0.3840550527748557, 0.4890254351898427, 0.35058624494781476, 0.9999999999999999, 1.0, 1.0], "gt_corr_mean": 0.7039444554854187}