#{"t_start": 1551967233.545498, "env_id": "Baxter-v0"}
r,l,t
-9,50,106.712564
-12,52,204.177304
-7,101,374.034797
-60,72,511.325415
-1,55,617.537251
