{"gt_corr": [0.8362477957422209, 0.5759495358744161, 0.19023306691764605, 0.9999999999999999, 1.0, 1.0], "gt_corr_mean": 0.7670717330890472}