{"gt_corr": [0.6814675063216997, 0.2334983118472527, 0.19023306691764605, 0.9999999999999999, 1.0, 1.0], "gt_corr_mean": 0.6841998141810998}