{"batch_size": 32, "cliprangenow": 0.2, "end": 128, "ep_infos": [], "epoch_num": 3, "explained_var": 0.17215681076049805, "fps": 9, "frac": 1.0, "log_interval": 1, "loss_name": "clipfrac", "lr_now": 0.00025, "nupdates": 8593, "seed": 0, "start": 96, "states": null, "t_first_start": 1544833249.0332298, "t_now": 1544833262.6305904, "t_start": 1544833249.0332475, "tb_log_name": "PPO2", "timestep": 31, "total_timesteps": 1100000, "update": 1, "writer": null}