{"gt_corr": [0.367996600210472, 0.19023306691764608, 0.25751521905076796, 0.9999999999999999, 1.0, 1.0], "gt_corr_mean": 0.6359574810298143}